origin_country,dest_country,value_norm_usd
Argentina,Brazil,558391.85
Argentina,India,677.17
Argentina,United States,20242.74
Austria,Brazil,19844.58
Austria,Indonesia,1021.64
Austria,Vietnam,2582.25462
Bangladesh,India,44142.26
Belgium,Brazil,66166.1
Belgium,Malaysia,11849.67
Belgium,Nigeria,112355.966
Belgium,Philippines,5620.6
Belgium,Uganda,2298418.52
Belgium,United States,0.0
Belgium,Vietnam,253497.80933999998
Botswana,Brazil,112543.0
Brazil,Brazil,120.0
Brazil,India,6869.0
Brazil,Malaysia,820.0
Brazil,Qatar,1765.0
Brazil,Saudi Arabia,709.0
Brazil,United States,1115016.0
Bulgaria,Nigeria,3157.625
Cambodia,Indonesia,74000.0
Canada,Brazil,124895.54
Canada,Malaysia,3050.95
Canada,United States,0.0
Chile,United States,38407.0
China,Botswana,253.01
China,Brazil,23129858.54
China,Ghana,79781.296
China,India,862155.2
China,Indonesia,26822382.28
China,Kenya,18227048.22
China,Malaysia,52112874.44
China,Namibia,55831.61
China,Nigeria,1630867.7820000001
China,Philippines,10489621.64
China,South Sudan,68366.26
China,Uganda,69966.11
China,United States,0.0
China,Vietnam,119334387.16783656
Colombia,United States,0.0
Costa Rica,United States,150.0
Czech Republic,Brazil,951619.15
Czech Republic,Indonesia,2271.8900000000003
Czech Republic,Uganda,134144.44
Czech Republic,Vietnam,621548.17617
Denmark,Brazil,308948.85
Denmark,Indonesia,4284.91
Denmark,Vietnam,8388.39
Dominican Republic,United States,0.0
Ecuador,United States,2128.74
Egypt,Kenya,222.2
Egypt,Nigeria,199.479
European Union,Vietnam,23731.464659999998
Finland,Brazil,399888.14
Finland,Malaysia,305089.5
Finland,Vietnam,10718.19579
France,Brazil,4275889.26
France,India,8748.32
France,Indonesia,3363.69
France,Malaysia,183422.17
France,Vietnam,294144.30145
Germany,Brazil,1201696.17
Germany,Ghana,51.69
Germany,India,10921.630000000001
Germany,Indonesia,346592.07999999996
Germany,Malaysia,2517651.99
Germany,Nigeria,5972.897
Germany,Philippines,2138.18
Germany,Uganda,2303.53
Germany,Vietnam,858641.9979600001
Ghana,Nigeria,1331.076
Hong Kong,Brazil,66235.0
Hong Kong,Indonesia,7694.48
Hong Kong,Malaysia,7564.4800000000005
Hong Kong,Philippines,565.4
Hungary,Brazil,2558372.43
India,Brazil,3742284.12
India,Canada,676852.27
India,Ghana,2415136.8
India,India,2374618.63
India,Indonesia,2410598.2800000003
India,Kenya,341582.51
India,Malaysia,877503.22
India,Nigeria,2132198.3770000003
India,Oman,319871.82
India,Philippines,573341.67
India,Qatar,985914.9261662762
India,Saudi Arabia,5036612.699591519
India,Senegal,46227.65
India,South Africa,1859080.810478407
India,Thailand,39209.42
India,Uganda,45279.0
India,United Arab Emirates,3603830.56
India,United States,44311233.61797786
India,Vietnam,3104977.1249248274
Indonesia,India,21800.0
Indonesia,Malaysia,143598.47
Indonesia,Qatar,10000.0
Indonesia,United States,154924.14
Indonesia,Vietnam,324.0
Ireland,Vietnam,133340.8
Israel,Brazil,1002821.0
Italy,Brazil,2364116.5100000002
Italy,Ghana,12833.203
Italy,India,86051.08
Italy,Indonesia,38387.36
Italy,Nigeria,851956.076
Italy,Philippines,28722.8
Italy,Uganda,153538.61
Italy,United States,0.0
Italy,Vietnam,968934.66405
Japan,Brazil,1636237.25
Japan,India,136269.63
Japan,Indonesia,437806.77999999997
Japan,Malaysia,3128388.64
Japan,Philippines,349554.14
Japan,Vietnam,1041671.145277
Kazakhstan,United Arab Emirates,263878.0
Kenya,Canada,2375.134
Kenya,India,1998.78
Kenya,Uganda,81337.986
Kenya,United Arab Emirates,80976.50200000001
Kenya,United States,2375.134
Malaysia,Brazil,77122.49
Malaysia,Canada,231895.3
Malaysia,Ethiopia,852571.61
Malaysia,India,1848453.49
Malaysia,Indonesia,10279133.77
Malaysia,Malaysia,15190443.64
Malaysia,Philippines,14241.42
Malaysia,Qatar,15965420.28
Malaysia,Saudi Arabia,313527.22
Malaysia,South Africa,4932.09
Malaysia,Thailand,601567.33
Malaysia,Uganda,6036.0
Malaysia,United Arab Emirates,4052205.89
Malaysia,United States,4544349.7
Malaysia,Vietnam,3041718.910286667
Mexico,Brazil,4707613.61
Mexico,Canada,745943.0
Mexico,India,186235.84
Mexico,Indonesia,2810.8100000000004
Mexico,Malaysia,760421.46
Mexico,Philippines,709.4
Mexico,United Arab Emirates,196866.5
Mexico,United States,9129302.49
Morocco,United States,0.0
Netherlands,Brazil,9656.84
Netherlands,Ghana,5276.848
Netherlands,Kenya,27524.47
Netherlands,Malaysia,139244.7
Netherlands,Philippines,1123.9
Netherlands,United States,0.0
Netherlands,Vietnam,105599.18068
New Zealand,Vietnam,1949.71683
Nigeria,Nigeria,2011515.401
Nigeria,South Sudan,5528.32
Norway,Brazil,10392.0
Norway,Vietnam,43918.70192
Oman,United States,0.0
Pakistan,Malaysia,218.5
Pakistan,United Arab Emirates,8015.48
Panama,United States,25065.4
Peru,United States,928.56
Philippines,Brazil,55.0
Philippines,Malaysia,26400.0
Philippines,Qatar,10000.0
Philippines,Thailand,225000.0
Philippines,United Arab Emirates,10000.0
Philippines,Vietnam,45000.0
Poland,Brazil,116152.89
Poland,Malaysia,22115.84
Poland,Vietnam,231847.27181
Portugal,Uganda,133071.35
Portugal,Vietnam,254247.25770999998
Romania,Brazil,51652.16
Romania,Indonesia,15515.16
Romania,Malaysia,230.93
Russia,Brazil,17.0
Russia,India,4269.65
Rwanda,Kenya,171710.78
Singapore,Brazil,14456.91
Singapore,Indonesia,1748076.1099999999
Singapore,Malaysia,3246622.35
Singapore,Philippines,3335.5
Singapore,United States,0.0
Singapore,Vietnam,17318.23506
Slovakia,Brazil,345382.61
Slovakia,Vietnam,22764.481099999997
Slovenia,Brazil,2076.0
Slovenia,Philippines,6411.83
South Africa,Ghana,81.827
South Korea,Brazil,1444312.02
South Korea,Ghana,5448.024
South Korea,Indonesia,622447.31
South Korea,Nigeria,638.856
South Korea,Philippines,15621.220000000001
South Korea,United States,0.0
South Korea,Vietnam,2483667.5919249277
Spain,Brazil,4351900.04
Spain,Indonesia,845.11
Spain,Uganda,412367.27
Spain,United States,0.0
Spain,Vietnam,23752.346879999997
Sri Lanka,United States,0.0
Swaziland,Brazil,37946.32
Sweden,Brazil,1840596.02
Sweden,Indonesia,7994.13
Sweden,Malaysia,4757.84
Switzerland,Brazil,57993.46
Switzerland,Indonesia,60814.0
Taiwan,Brazil,1074184.63
Taiwan,Indonesia,53486.59
Taiwan,Malaysia,237874.48
Taiwan,Philippines,763.5
Taiwan,Uganda,573.0
Taiwan,Vietnam,161863.04806
Thailand,Brazil,966933.24
Thailand,Indonesia,1026046.23
Thailand,Malaysia,191001.80000000002
Thailand,Philippines,26373.0
Thailand,United States,0.0
Thailand,Vietnam,97564.45999999999
Trinidad and Tobago,United States,0.0
Turkey,Botswana,224.16
Turkey,Brazil,209402.23
Turkey,Ghana,112090.84300000001
Turkey,India,60376.23
Turkey,Kenya,636937.32
Turkey,Malaysia,12905.199999999999
Turkey,Namibia,8550.0
Turkey,Nigeria,10038925.433
Turkey,Oman,395192.67
Turkey,Qatar,191155.52
Turkey,Saudi Arabia,395089.8
Turkey,Senegal,168889.21000000002
Turkey,South Africa,548483.28
Turkey,South Sudan,28053.819
Turkey,Uganda,22752.1
Turkey,United Arab Emirates,788040.35
Turkey,United States,1188409.47
Turkey,Vietnam,54908.932570000004
United Arab Emirates,Kenya,55845.090000000004
United Arab Emirates,Nigeria,1524399.736
United Arab Emirates,South Sudan,1027.461
United Arab Emirates,Uganda,35290.31
United Kingdom,Brazil,6199149.85
United Kingdom,Ghana,224662.92600000004
United Kingdom,India,21073.489999999998
United Kingdom,Indonesia,21847.620000000003
United Kingdom,Kenya,168.7
United Kingdom,Malaysia,93353.7
United Kingdom,Namibia,108467.73
United Kingdom,Philippines,245626.65
United Kingdom,United States,0.0
United Kingdom,Vietnam,83489.85651
United States,Brazil,10390614.12
United States,Ghana,8578.423
United States,India,5671901.14
United States,Indonesia,19286607.52
United States,Kenya,7597.83
United States,Malaysia,6341073.489999999
United States,Nigeria,20219.154
United States,Philippines,2648.3
United States,South Sudan,187185.27000000002
United States,Uganda,792.44
United States,Vietnam,1042830.35606
Uruguay,Brazil,7.0
Vietnam,Brazil,1003.0
Vietnam,Canada,850.26272
Vietnam,India,57000.0
Vietnam,Indonesia,2288351.93
Vietnam,Malaysia,923258.55
Vietnam,Philippines,8860.0
Vietnam,Thailand,27180.0
Vietnam,United Arab Emirates,120000.0
Vietnam,United States,1424482.8800000001
Vietnam,Vietnam,147968642.83403704
