dest_country,shipper,value_usd
Kenya,"Jingmen Hongtu Special Aircraft Manufacturing Co., Ltd.",18204113.81
Ghana,Bharat Tanks And Vessels Llp,2364150.59
Uganda,Ogeco,2295262.0
Saudi Arabia,Inox India Pvt. Ltd.,1655384.4195915195
Saudi Arabia,Inox India Limited,1282681.69
United Arab Emirates,Inox India Limited,852383.14
Qatar,Air Liquide Global E&C Solutions India Pvt. Ltd.,839882.19
United Arab Emirates,Cryolor Asia Pacific Pvt. Ltd.,815051.66
Saudi Arabia,Vrv Asia Pacific Pvt. Ltd.,785167.32
Saudi Arabia,Cryolor Asia Pacific Pvt. Ltd.,699925.65
United Arab Emirates,Optech Engineering Pvt. Ltd.,579102.99
Saudi Arabia,Spark Engineers,488058.95
United Arab Emirates,Vrv Asia Pacific Pvt. Ltd.,451210.19
Uganda,Aguliar Salas Torres,412367.27
Oman,Inox India Pvt. Ltd.,319871.82
Kenya,Yilteks Energy Heat Machinery Manufacturing Industry And Foreign Trade Limited Company,273420.0
United Arab Emirates,Llp Caley Energy,263878.0
United Arab Emirates,Krison Engineering Works,259948.0
Kenya,Socar Shipping Agency S A R L,237122.16999999998
United Arab Emirates,Cryogas Equipment Pvt. Ltd.,226104.78
Ghana,Ltp Solutions Pty Ltd,224662.92600000004
United Arab Emirates,Inox India Pvt. Ltd.,219261.06
Kenya,Milkotronic Ltd Dhl Aero Expreso Sa,171710.78
Senegal,Karbonsan Dry Ice And Pressure Vessels Industry Trade Joint Stock Company,167865.39
United Arab Emirates,Guven Bombe And Pressure Vessels Joint Stock Company,161306.0
Oman,Yilteks Energy Heat Machinery Manufacturing Industry And Foreign Trade Limited Company,159350.0
United Arab Emirates,Karbonsan Dry Ice And Pressure Vessels Industry Trade Joint Stock Company,148773.34
Uganda,Total Energies Marketing Afrique 92069 Paris La De,145364.0
Saudi Arabia,Ak Steel Pipe Industry Joint Stock Company,144160.0
Uganda,A. Silva Matos Metalomecanica S.A.,133071.35
Qatar,Karbonsan Dry Ice And Pressure Vessels Industry Trade Joint Stock Company,132955.52
United Arab Emirates,Mig Company Ltd.,120000.0
United Arab Emirates,Industrias Gutierrez S.A. De C.V.,115439.48000000001
Uganda,De Visser Trading Bv,114562.24
United Arab Emirates,Cazgir Construction Heat Systems Trade And Industry Joint Stock Company,112000.0
Saudi Arabia,Taylor Warthon Malaysia Sdn Bhd,111814.99
Namibia,Oeg Offshore Uk Limited,108467.73
Oman,Mimmak Marketing Import Export Industry And Trade Ltd,102900.0
South Sudan,Tononka Steels Limited,96133.301
Saudi Arabia,Guven Bombe And Pressure Vessels Joint Stock Company,93801.5
South Sudan,Tononka Steels Ltd,91051.969
Kenya,Optech Engineering Pvt. Ltd.,90135.41
Qatar,Vrv Asia Pacific Pvt. Ltd.,90051.5761662763
United Arab Emirates,Ak Steel Pipe Industry Joint Stock Company,89600.0
Kenya,Gasgrup Enerji Sistemleri Ins Taah San Ve Tic As,82332.95999999999
United Arab Emirates,Svifflug S De Rl De Cv,81427.02
Kenya,Cryotechnic Pressure Vessels Machinery Engineering Project Construction Import Export Industry And Trade Ltd,81000.0
United Arab Emirates,Brams Gases Ltd Kenblest Premises,79974.845
United Arab Emirates,Mimmak Marketing Import Export Industry And Trade Ltd,79000.0
United Arab Emirates,Betsima Engineering Industry And Trade Ltd,75500.0
United Arab Emirates,Auriga Gases Services Llp,67529.67
Oman,Tedsan Machinery Engineering Contracting Industry And Trade Ltd,65750.0
Kenya,Yilteks Enerji,64074.71
Saudi Arabia,Karbonsan Dry Ice And Pressure Vessels Industry Trade Joint Stock Company,62700.0
Qatar,Erkasis Engineering Cooling Industry Trade Joint Stock Company,58200.0
Namibia,Anhui Cox Import Export Trading Co Ltd,55831.61
Ghana,Flsmidth Inc.,55193.511999999995
Ghana,Karbonsan Kurubuz Ve Basincli Kaplar San. Tic. Ltd. Sti.,53319.372
Kenya,Jinja,51274.08
Saudi Arabia,Yilteks Energy Heat Machinery Manufacturing Industry And Foreign Trade Limited Company,49350.0
Ghana,Steelcon Technovision Pvt Ltd,48702.4
Saudi Arabia,Mysore Ammonia Envirotech Private Limited,47144.38
Senegal,Vrv Asia Pacific Pvt. Ltd.,46227.65
Uganda,Techno Africa Solutions Ltd,41090.39
Uganda,Carbacid Co2 Ltd,40000.0
Uganda,Carbacid Co2 Limited,39982.946
Oman,Lions Machinery Engineering Ltd,39000.0
Saudi Arabia,Cryogas Equipment Pvt. Ltd.,36771.31
United Arab Emirates,Mauria Udyog Ltd,36309.74
United Arab Emirates,Md Ic Ve Foreign Trade Joint Stock Company,35693.44
Uganda,United Gas Company Llc,34970.88
United Arab Emirates,Incryo Systems Pvt. Ltd.,34606.9
United Arab Emirates,Yilteks Energy Heat Machinery Manufacturing Industry And Foreign Trade Limited Company,30900.0
South Sudan,Uangzhou Gloryman Import,30377.946
Qatar,Cryolor Asia Pacific Pvt. Ltd.,29940.0
South Sudan,Ipt Offshore,29031.388
South Sudan,Pagarani General Trading Co,28053.819
Kenya,Anema Trucks And Spare Parts,27524.47
Saudi Arabia,Soylu Exhaust And Automotive Joint Stock Company,26693.75
Kenya,Isisan Isi Sanayi Ve Tic As,26097.27
Uganda,Zjmz Import And Export Co Ltd,24023.95
Saudi Arabia,Fabtech Technologies Limited,23347.74
Kenya,Tedsan Machinery Engineering Contracting Industry And Trade Ltd,20500.0
Oman,Guven Bombe And Pressure Vessels Joint Stock Company,20085.0
Qatar,Global Gases Malaysia Sdn Bhd,19711.93
Uganda,Oxymat As,19582.2
United Arab Emirates,Ergil Grup Construction Machinery Manufacturing Import Export Industry And Trade Ltd Co,18690.0
Kenya,Fe Sa Makina Pet Ins Gida Elekrik Ltd Sti,17911.760000000002
Ghana,Dogumak Ic Ve Dis Ticaret Ltd,17450.815
Qatar,Emerson Process Management Chennai Pvt Ltd,16861.21
Kenya,Yilteks Enerji Isi Makinaiml San Ve Tic Ltd,16801.16
Ghana,H C International Co Ltd,16554.47
Kenya,Fe Sa Makina Petrol Insaat Gida Electrik Ltd,15652.4
Uganda,Frozen Busra Bilgic,15000.0
United Arab Emirates,P M Enterprise,14933.939999999999
Saudi Arabia,Md Ic Ve Foreign Trade Joint Stock Company,14335.57
United Arab Emirates,Yakut Kazan Machinery Manufacturing And Engineering Industry Import Internal Trade Ltd. Co.,14125.43
Uganda,Zhangjiagang City Fill Tech Beverage Machinery Co Ltd,14086.61
Ghana,Betsima Engineering Industry And Trade Ltd,14000.0
Kenya,Tedsan Makine Muhensilik Taahhut San Tic Ltd Sti,13334.03
Ghana,Akici Trade Freight Ithalat Ihracat Ticaret Ltd Sti,13138.736
Ghana,Goitom Ghedlu Yosief,12833.203
Kenya,Cryoteknak Basinali Kaplar Project,12565.0
United Arab Emirates,Soylu Exhaust And Automotive Joint Stock Company,11781.14
United Arab Emirates,Precision Storage Vessels Pvt Ltd,11780.23
United Arab Emirates,Global Gases Malaysia Sdn Bhd,11394.109999999999
United Arab Emirates,Air Liquide Phils Inc,10000.0
Qatar,Pt. Samator Taiyo Nippon Sanso Indonesia,10000.0
Qatar,Linde Philippines Inc.,10000.0
United Arab Emirates,Globe Gas Equipment Industry Pvt. Ltd.,9766.91
Qatar,Mbm Automation Robotics,9125.4
Saudi Arabia,Baldota Valve Fitting Co Pvt Ltd,9033.89
South Sudan,Xingzhou Auto,8956.926
Kenya,Thermoway Thermal Devices And Machinery Industry Trade Joint Stock Company,8947.57
Namibia,Frozen Busra Bilgic,8550.0
Uganda,Atlas Copco Airpower N.V.,8174.610000000001
Oman,Yakut Kazan Machinery Manufacturing And Engineering Industry Import Internal Trade Ltd. Co.,8107.67
United Arab Emirates,Bharat Tanks And Vessels Llp,8078.81
Uganda,Sinopec Petroluem Engineering & Construction Jiangsu Corporation,8039.0
United Arab Emirates,Mbm Automation Robotics,8027.36
Saudi Arabia,Summits Hygronics P Ltd F 739 Goldwins Avanashi Rd Coimbatore 641 014 India Tel Fax,7716.36
Ghana,Goitom Chedlu Yosief,7412.483
Uganda,Huludao Jidechang Trading Co. Ltd.,7136.04
Uganda,Shanghai Lucky Import And Export Co Ltd,7000.0
Uganda,Guven Bombe And Pressure Vessels Joint Stock Company,6300.0
Ghana,Ayse Eda Kapakcioglu,5987.835
South Sudan,Park Guangzhou City Yulong Foreignt,5528.32
Ghana,Crisa Middle East,5448.024
United Arab Emirates,St Soguk Technic Inc And Foreign Trade,5200.0
Kenya,Anhui Heli Indultrial Vegicle Imp Exp Co Ltd,5145.48
United Arab Emirates,Kaghan Chemicals Co.,4995.73
Ghana,Akici Trade Freight Lojistik Ithalat Ihracat Ticaret Limited Sirketi,4954.983
Ghana,Anema Trucks And Spare Parts,4706.869000000001
Uganda,Yiwu Laicai Trading Co Ltd,4393.56
Kenya,Govina Metfab Opc Private Limited,4330.799999999999
Kenya,Dalgakiran Kompresor San Ve Tic Ltd Sti,4300.46
Kenya,Hyster Europe,4094.5
Uganda,Wilmar Plantations Sdn Bhd 50250 Kuala Lumper Kua,4024.0
Kenya,Brimax Canvas And Leather,3723.34
Kenya,Naz Intl Motors,3719.69
Kenya,W International Co Ltd,3706.25
Kenya,Guangzhou Lifei International Trade Co Ltd,3608.17
Kenya,Elgi Equipment Ltd.,3536.87
Kenya,Tvh Parts N V,3503.33
Kenya,Wenzhou Joneng Valves Co Ltd,3408.18
Uganda,Aaru Internationalindia,3228.0
Uganda,Ateliers Francois Sa Belgium,3156.52
Saudi Arabia,Sf Yildiz Machine Automotive Industry And Trade Ltd,3030.0
United Arab Emirates,Sri Venkateshwara Engineering,2971.66
United Arab Emirates,Ozak Sinai Ve Tibbi Gaslar Industry And Trade Ltd,2921.0
Ghana,Foshan Grand Shine Supply Chain Co Ltd,2505.006
Ghana,Shanghai Unicorn Medical Technology Co Ltd,2496.503
Uganda,"Institute For International, Cooperation And Development",2303.53
Ghana,Elgi Equipment Ltd.,2283.81
Ghana,Vellamo Lojistik Ve Dis Tic Ltd,2272.738
United Arab Emirates,Technomatt Engineering,2272.72
United Arab Emirates,Ghani Chemical Industries Ltd,2021.08
Uganda,Danyang Huahang Electric Technology Co Ltd,2019.0
Uganda,Wilmar Plantations Sdn Bhd,2012.0
Kenya,Sudarshan Plastics,1822.57
Uganda,Aarvij International,1751.0
Kenya,Laxmi Engg Thermo Pack,1745.74
Kenya,Govina Metfab Opc Pvt Ltd,1685.21
United Arab Emirates,Lalit Engineers,1590.97
Saudi Arabia,Empire Compressor Private Limited,1380.99
United Arab Emirates,Nitroxtec Industrial Machine Compressed Air And Gas Solutions Industry Trade Ltd,1350.0
Kenya,Denair Energy Equipment Co Ltd,1330.1
United Arab Emirates,Vizen Solutions,1217.76
United Arab Emirates,Cantas Chemical Industry And Trade Joint Stock Company,1200.0
Ghana,Tvh Parts N Vbrabantstraat 15 Be 8790 Waregem Belgium,1165.94
United Arab Emirates,Veer Engineering India Llp,1115.63
Uganda,"Zhangjiagang Sky Machine Co., Ltd.",1080.07
Kenya,Well O Matic,1030.04
Senegal,Funteks Foreign Trade Ltd,1023.82
Saudi Arabia,Gokceler Domestic And Foreign Trade Cooling Systems Joint Stock Company,1018.98
United Arab Emirates,Chemigas Limited,1001.6569999999999
United Arab Emirates,Atee Co,998.67
Ghana,Age Enerji Uretim A S,966.364
Uganda,Pine Energy E A Ltd,937.0
Ghana,Wenzhou Wangzheyun Trade Co Ltd,927.32
Uganda,Fuqing Profit Express Trade Co. Ltd.,889.0
Kenya,National Fire Fighting Manufacturing Fzco,847.67
South Sudan,Siemens Healthcare Pty Ltd,837.526
Kenya,Quality Packaging Tz Limited,799.95
Uganda,Healing Water International,792.0
Uganda,Zhejiang Shenghao Shoes Manufacturing Co. Ltd,574.88
Uganda,Healing Waters International,573.0
Ghana,Jbtrading B.V.,569.979
Uganda,Snb Yedek Parca Otomotiv San Ve Tic Ltd,515.0999999999999
Ghana,Hangzhou Zhongwang Technology Co Ltd,430.228
United Arab Emirates,Real Air Technologies Private Limited,382.2
Ghana,Solipro Limited,346.619
Uganda,Haoen Industry Co Ltd,334.0
Ghana,Yiwu Yiyu Trading Company Limited,322.192
Kenya,Can Gas Systems Company Limited,316.0
Uganda,Preethi Projects Pvt. Ltd.,300.0
Ghana,Good Future Trading Co Ltd,299.068
Kenya,Panrui Compressor Co Ltd,291.1
Uganda,Penta Star General Trading Llc,274.43
Kenya,Yiwu Saizhe Import And Expoet Co Ltd,270.63
Uganda,Brexit Ventures Ltd,264.65
Ghana,Guangzhou Airhorse Compressor Co Ltd Rm 608 610,258.78
Kenya,Al Nahda Motors Parts Trading L L,222.2
South Sudan,Rupe 2016 Groupe,189.935
United Arab Emirates,Empire Compressor Private Limited,184.24
Kenya,Qindao Haosail Machinery Co Ltd,182.11
Uganda,Neshat Trade Ltd,180.0
Kenya,Blue Flame Lpg Fittings And Services,173.7
Kenya,Press Suppliers Ltd 7 Park Close Nw2 6Rq London Unted Kingdom,168.7
Ghana,Prs Llc,168.399
Uganda,Neshat Tradelimited,160.0
Kenya,Y And T Sister Trading Co Ltd,156.75
Ghana,Tong Tong Trading Co Ltd,130.282
Ghana,Yeehunt Hk Internation Ltd,101.43
Ghana,Ocm Marine Group Ltd,81.827
Qatar,Wintech Jewels Equipment Pvt Ltd,54.55
Ghana,University Of Bonn Medical Center,51.69
Uganda,Neshat Trade Limited,50.0
Uganda,Freight Systems Africa Uganda,45.0
Ghana,Chongyuan Xiamen Fine Chemical Co Ltd,37.303
Ghana,Kangjia Guangzhou Washing Products Co Ltd,10.184
Uganda,Project Cure,0.44
Ghana,Betsima Muhendisklik Sanayi Ve Ticaret Ltd Sti,0.0
